{
    "plugins": [
        "mobi.monaca.plugins.Monaca"
    ],
    "framework_version": "3.5",
    "xcode_version": "6",
    "cordova_version": "5.2",
    "plugin_settings": [],
    "external_plugins": [
        "cordova-plugin-whitelist@1.0.0",
        "cordova-plugin-inappbrowser@1.0.1",
        "cordova-plugin-splashscreen@2.1.0"
    ],
    "title-ja": "RSSリーダー（お気に入り登録機能付き）",
    "title-en": "",
    "description-ja": "",
    "description-en": "",
    "category": "User Template",
    "platform": [
        "android",
        "ios"
    ],
    "name": "generated-1454050864-56aafa08fd1734fd4054fcdb"
}